name,gender,speciality,street_address,city,state,zip_code,link
"Dr. Robert Mastey, MD",Male,Hand and Upper Extremity Surgery,7480 Ziegler Rd # 101,Chattanooga,TN,37421,https://www.healthgrades.com/physician/dr-robert-mastey-ylv2v
"Dr. Nadine Antonelli, MD",Female,Gynecology,1500 Medical Center Dr,Wilmington,NC,28401,https://www.healthgrades.com/physician/dr-nadine-antonelli-3ftkk
"Dr. Dudley Brown Jr, MD",Male,Obstetrics & Gynecology,3375 Burns Rd Ste 108,Palm Beach Gardens,FL,33410,https://www.healthgrades.com/physician/dr-dudley-brown-xjcf9
"Dr. Diane Payne, MD",Female,Hand and Upper Extremity Surgery,49 Jesse Hill Jr Dr SE # Orthopedicsurgery,Atlanta,GA,30303,https://www.healthgrades.com/physician/dr-diane-payne-384d3
"Dr. Richard Pearce, MD",Male,Orthopedic Surgery,1736 Gunbarrel Rd,Chattanooga,TN,37421,https://www.healthgrades.com/physician/dr-richard-pearce-2dmnh
"Dr. Adam Caputo, MD",Male,Orthopedic Surgery,1736 Gunbarrel Rd,Chattanooga,TN,37421,https://www.healthgrades.com/physician/dr-adam-caputo-gf3xs
"Dr. Matthew Jaffe, MD",Male,Orthopedic Sports Medicine,6002 Professional Pkwy Ste 140,Douglasville,GA,30134,https://www.healthgrades.com/physician/dr-matthew-jaffe-ykr5c
"Dr. Daniel Branham, MD",Male,Hand and Upper Extremity Surgery,49 Cleveland St Ste 300,Crossville,TN,38555,https://www.healthgrades.com/physician/dr-daniel-branham-2rgcg
"Dr. John Nash, MD",Male,Orthopedic Surgery,7480 Ziegler Rd # 101,Chattanooga,TN,37421,https://www.healthgrades.com/physician/dr-john-nash-3b9kx
"Dr. Susan Kolb, MD",Female,Holistic Medicine,4370 Georgetown Sq,Atlanta,GA,30338,https://www.healthgrades.com/physician/dr-susan-kolb-yyx7g
,,,7480 Ziegler Rd # 101,,,,https://www.healthgrades.com/physician/dr-robert-mastey-ylv2v/comments?currentPage=2
"Dr. Michael Gottschalk, MD",Male,Orthopedic Surgery,4555 N Shallowford Rd Ste 100,Dunwoody,GA,30338,https://www.healthgrades.com/physician/dr-michael-gottschalk-g5b8h
"Dr. Justin Arnold, MD",Male,Hand and Upper Extremity Surgery,2415 McCallie Ave,Chattanooga,TN,37404,https://www.healthgrades.com/physician/dr-justin-arnold-4b2lr
"Dr. Snehal Dalal, MD",Male,Hand and Upper Extremity Surgery,6300 Hospital Pkwy,Johns Creek,GA,30097,https://www.healthgrades.com/physician/dr-snehal-dalal-yb7jw
"Dr. Helena Kirkpatrick, MD",Female,Obstetrics & Gynecology,,,,,https://www.healthgrades.com/physician/dr-helena-kirkpatrick-y2xpq
"Dr. Karyn Markley, MD",Female,Obstetrics & Gynecology,,,,,https://www.healthgrades.com/physician/dr-karyn-markley-xy4lv
"Dr. Iacob Marcovici, MD",Male,Minimally Invasive Cosmetic Surgery,911 Medical Cir,Myrtle Beach,SC,29572,https://www.healthgrades.com/physician/dr-iacob-marcovici-xjfqy
"Dr. Christine Gerber, MD",Female,Gynecology,56 Business Center Dr,Pawleys Island,SC,29585,https://www.healthgrades.com/physician/dr-christine-gerber-3b6n4
"Dr. Andrew Cracker, MD",Male,Obstetrics & Gynecology,1809 Glen Meade Rd,Wilmington,NC,28403,https://www.healthgrades.com/physician/dr-andrew-cracker-xcttd
